{
  "maxDepth": 2,
  "avgDepth": 0.31343283582089554,
  "metricABC": 2488.995982318975,
  "avgOverrides": 0.8955223880597015,
  "avgFields": 0.6268656716417911
}