{
  "maxDepth": 2,
  "avgDepth": 0.2835820895522388,
  "metricABC": 2474.1279271694907,
  "avgOverrides": 0.8955223880597015,
  "avgFields": 0.6268656716417911
}