{
  "maxDepth": 0,
  "avgDepth": 0.0,
  "metricABC": 4292.3720714774945,
  "avgOverrides": 0.6176470588235294,
  "avgFields": 0.35294117647058826
}