{
  "maxDepth": 1,
  "avgDepth": 0.029411764705882353,
  "metricABC": 4318.525790127923,
  "avgOverrides": 0.6176470588235294,
  "avgFields": 0.35294117647058826
}