{
  "maxDepth": 4,
  "avgDepth": 1.6666666666666667,
  "metricABC": 13.784048752090222,
  "avgOverrides": 0.5,
  "avgFields": 1.0
}